,Word 0,Word 1,Word 2,Word 3,Word 4,Word 5,Word 6,Word 7,Word 8,Word 9,Word 10,Word 11,Word 12,Word 13,Word 14
Topic 0,state,political,history,theory,background,commentary,president,cultural,greek,western,united,major,myth,philosophy,term
Topic 1,life,reprint,printing,world,new,author,love,make,friend,journey,year,woman,story,earth,relationship
Topic 2,film,star,desire,series,hunter,movie,game,summer,new,place,element,france,adventure,format,king
Topic 3,world,year,man,old,young,life,come,secret,force,power,time,love,reprint,begin,evil
Topic 4,murder,case,crime,figure,detective,group,lead,final,scene,work,conflict,killer,investigation,confront,dramatic
Topic 5,include,guide,provide,book,information,offer,essay,design,study,art,new,analysis,chapter,development,topic
Topic 6,story,new,novel,work,author,book,time,world,century,life,write,collection,original,tale,include
Topic 7,faith,community,join,church,moral,south,jesus,mean,female,jedi,lover,rival,court,henry,chicago
Topic 8,life,question,human,study,god,book,understand,self,help,nature,view,author,offer,thought,world
Topic 9,make,woman,love,young,husband,family,discovers,want,body,wife,law,home,best,spirit,come
Topic 10,edition,student,play,text,work,introduction,book,classic,note,reader,king,feature,include,shakespeare,new
Topic 11,war,american,translation,history,describes,french,account,america,battle,japanese,civil,revolution,tour,military,struggle
Topic 12,life,family,child,year,day,story,friend,son,little,original,house,school,mother,book,tell
Topic 13,meet,sex,quest,death,attack,attempt,drug,win,best,seek,ultimate,make,drawn,man,world
Topic 14,girl,save,kill,die,james,blood,evidence,revenge,sent,accident,horse,track,hit,fellow,effect
